{
  "active_certain_steps": 3127,
  "cost_slack_lower": 0.15359770364946357,
  "final_bF": [
    -0.005851399504429943,
    -0.00022301859123648478
  ],
  "final_bG": [
    0.15359770364973752,
    0.1717658292285389
  ],
  "final_u": [
    0.4269366199583177,
    0.43091132374803587
  ],
  "final_v": [
    0.9117094831043837,
    0.919444313466519
  ],
  "green_cost_interval": [
    2.3532341707712034,
    2.3714022963505363
  ],
  "kappa_low": 0.620816,
  "max_picard_iterations": 1,
  "outside_value_interval": [
    2.5627830618184935,
    2.5854670937623934
  ],
  "post_steps": 3072,
  "rho": 0.3,
  "s0": 1e-05,
  "sigma": 0.9539392014169457,
  "status": "PASS",
  "step_size": 0.0001,
  "tau_upper_time": 0.3137100000000634,
  "theta_03": 2.36413,
  "total_steps": 6209,
  "uncertain_steps": 10,
  "value_margin_lower": 0.19865306181849363
}